opportunity_key,opportunity_name,account_key,account_name,stage_key,stage_order,stage_label,stage_probability,bd_segment,account_tier,account_fit_score,deal_priority,priority_rank,expected_close_date,expected_close_month,created_date,next_step,is_simulated,data_class
521695285463,SIMULATED — Al Hammadi Holding,448049602789,Al Hammadi Holding,appointmentscheduled,1,Prospect Identified,0.1,Healthcare,A,89,high,1,2027-01-30T00:00:00,2027-01-01T00:00:00,2026-09-16T00:00:00,Complete stakeholder mapping and confirm ICP fit before any outreach (simulated).,true,SIMULATED
521700168929,SIMULATED — Almasar Alshamil Education,448049934536,Almasar Alshamil Education,qualifiedtobuy,2,Qualified Account,0.25,Education & training,A,86,medium,2,2027-01-15T00:00:00,2027-01-01T00:00:00,2026-09-16T00:00:00,Draft tailored outreach message for internal review (simulated — nothing is sent).,true,SIMULATED
521627406574,SIMULATED — Fakeeh Care Group (Dr. Soliman Abdel Kader Fakeeh Hospital Co.),448049547474,Fakeeh Care Group (Dr. Soliman Abdel Kader Fakeeh Hospital Co.),appointmentscheduled,1,Prospect Identified,0.1,Healthcare,A,91,high,1,2027-02-15T00:00:00,2027-02-01T00:00:00,2026-09-16T00:00:00,Complete stakeholder mapping and confirm ICP fit before any outreach (simulated).,true,SIMULATED
521694783726,SIMULATED — Nice One Beauty Digital Marketing Co.,448044671203,Nice One Beauty Digital Marketing Co.,contractsent,5,Proposal / Negotiation,0.8,"Retail, e-commerce & F&B",A,78,low,3,2026-10-31T00:00:00,2026-10-01T00:00:00,2026-09-16T00:00:00,Prepare draft proposal outline and commercial framework for internal review (simulated).,true,SIMULATED
521695831272,SIMULATED — Cherry Trading Co. (Cherry Rent a Car),448044045529,Cherry Trading Co. (Cherry Rent a Car),decisionmakerboughtin,4,Meeting / Discovery,0.6,Transport & logistics,A,82,medium,2,2026-12-15T00:00:00,2026-12-01T00:00:00,2026-09-16T00:00:00,Prepare discovery agenda and qualification questions (simulated).,true,SIMULATED
521695545579,SIMULATED — Sport Clubs Co. (Body Masters / Body Motions),448017350857,Sport Clubs Co. (Body Masters / Body Motions),qualifiedtobuy,2,Qualified Account,0.25,Leisure & hospitality,A,89,high,1,2026-12-15T00:00:00,2026-12-01T00:00:00,2026-09-16T00:00:00,Draft tailored outreach message for internal review (simulated — nothing is sent).,true,SIMULATED
521700253901,SIMULATED — Akdital International (Saudi operations),447992495290,Akdital International (Saudi operations),qualifiedtobuy,2,Qualified Account,0.25,Healthcare,A,84,medium,2,2026-12-31T00:00:00,2026-12-01T00:00:00,2026-09-16T00:00:00,Draft tailored outreach message for internal review (simulated — nothing is sent).,true,SIMULATED
521700514017,SIMULATED — Spinneys Saudi Arabia (Spinneys KSA JV),448049934538,Spinneys Saudi Arabia (Spinneys KSA JV),decisionmakerboughtin,4,Meeting / Discovery,0.6,"Retail, e-commerce & F&B",A,78,low,3,2026-11-30T00:00:00,2026-11-01T00:00:00,2026-09-16T00:00:00,Prepare discovery agenda and qualification questions (simulated).,true,SIMULATED
521695088850,SIMULATED — Specialized Medical Co. (SMC Healthcare),447990598875,Specialized Medical Co. (SMC Healthcare),appointmentscheduled,1,Prospect Identified,0.1,Healthcare,A,89,high,1,2027-01-15T00:00:00,2027-01-01T00:00:00,2026-09-16T00:00:00,Complete stakeholder mapping and confirm ICP fit before any outreach (simulated).,true,SIMULATED
